{
    "machine_info": {
        "node": "zhanibek-eos",
        "processor": "",
        "machine": "x86_64",
        "python_compiler": "GCC 12.2.0",
        "python_implementation": "CPython",
        "python_implementation_version": "3.10.9",
        "python_version": "3.10.9",
        "python_build": [
            "main",
            "Dec 19 2022 17:35:49"
        ],
        "release": "6.1.6-arch1-3",
        "system": "Linux",
        "cpu": {
            "python_version": "3.10.9.final.0 (64 bit)",
            "cpuinfo_version": [
                9,
                0,
                0
            ],
            "cpuinfo_version_string": "9.0.0",
            "arch": "X86_64",
            "bits": 64,
            "count": 16,
            "arch_string_raw": "x86_64",
            "vendor_id_raw": "GenuineIntel",
            "brand_raw": "12th Gen Intel(R) Core(TM) i7-1260P",
            "hz_advertised_friendly": "789.0890 MHz",
            "hz_actual_friendly": "789.0890 MHz",
            "hz_advertised": [
                789089000,
                0
            ],
            "hz_actual": [
                789089000,
                0
            ],
            "stepping": 3,
            "model": 154,
            "family": 6,
            "flags": [
                "3dnowprefetch",
                "abm",
                "acpi",
                "adx",
                "aes",
                "aperfmperf",
                "apic",
                "arat",
                "arch_capabilities",
                "arch_lbr",
                "arch_perfmon",
                "art",
                "avx",
                "avx2",
                "avx_vnni",
                "bmi1",
                "bmi2",
                "bts",
                "clflush",
                "clflushopt",
                "clwb",
                "cmov",
                "constant_tsc",
                "cpuid",
                "cpuid_fault",
                "cx16",
                "cx8",
                "de",
                "ds_cpl",
                "dtes64",
                "dtherm",
                "dts",
                "epb",
                "ept",
                "ept_ad",
                "erms",
                "est",
                "f16c",
                "flexpriority",
                "flush_l1d",
                "fma",
                "fpu",
                "fsgsbase",
                "fsrm",
                "fxsr",
                "gfni",
                "hfi",
                "ht",
                "hwp",
                "hwp_act_window",
                "hwp_epp",
                "hwp_notify",
                "hwp_pkg_req",
                "ibpb",
                "ibrs",
                "ibrs_enhanced",
                "ibt",
                "intel_pt",
                "invpcid",
                "invpcid_single",
                "lahf_lm",
                "lm",
                "mca",
                "mce",
                "md_clear",
                "mmx",
                "monitor",
                "movbe",
                "movdir64b",
                "movdiri",
                "msr",
                "mtrr",
                "nonstop_tsc",
                "nopl",
                "nx",
                "ospke",
                "osxsave",
                "pae",
                "pat",
                "pbe",
                "pcid",
                "pclmulqdq",
                "pdcm",
                "pdpe1gb",
                "pebs",
                "pge",
                "pku",
                "pln",
                "pni",
                "popcnt",
                "pse",
                "pse36",
                "pts",
                "rdpid",
                "rdrand",
                "rdrnd",
                "rdseed",
                "rdtscp",
                "rep_good",
                "sdbg",
                "sep",
                "serialize",
                "sha",
                "sha_ni",
                "smap",
                "smep",
                "smx",
                "split_lock_detect",
                "ss",
                "ssbd",
                "sse",
                "sse2",
                "sse4_1",
                "sse4_2",
                "ssse3",
                "stibp",
                "syscall",
                "tm",
                "tm2",
                "tpr_shadow",
                "tsc",
                "tsc_adjust",
                "tsc_deadline_timer",
                "tsc_known_freq",
                "tscdeadline",
                "umip",
                "vaes",
                "vme",
                "vmx",
                "vnmi",
                "vpclmulqdq",
                "vpid",
                "waitpkg",
                "x2apic",
                "xgetbv1",
                "xsave",
                "xsavec",
                "xsaveopt",
                "xsaves",
                "xtopology",
                "xtpr"
            ],
            "l3_cache_size": 18874368,
            "l2_cache_size": 9437184,
            "l1_data_cache_size": 458752,
            "l1_instruction_cache_size": 655360,
            "l2_cache_line_size": 1280,
            "l2_cache_associativity": 7
        }
    },
    "commit_info": {
        "id": "1a4b7f396608f1b0738a147a9515796fc7adb1a2",
        "time": "2023-01-20T15:10:37+09:00",
        "author_time": "2023-01-20T15:10:37+09:00",
        "dirty": false,
        "project": "compyler",
        "branch": "main"
    },
    "benchmarks": [
        {
            "group": null,
            "name": "test_newton_rhapson_division",
            "fullname": "tests/test_ckksplan.py::test_newton_rhapson_division",
            "params": null,
            "param": null,
            "extra_info": {},
            "options": {
                "disable_gc": false,
                "timer": "perf_counter",
                "min_rounds": 5,
                "max_time": 1.0,
                "min_time": 5e-06,
                "warmup": false
            },
            "stats": {
                "min": 0.4057111909987725,
                "max": 0.4141486700009409,
                "mean": 0.40745401940002923,
                "stddev": 0.0037428491793734735,
                "rounds": 5,
                "median": 0.4058246330005204,
                "iqr": 0.002189395500408864,
                "q1": 0.40573238599972683,
                "q3": 0.4079217815001357,
                "iqr_outliers": 1,
                "stddev_outliers": 1,
                "outliers": "1;1",
                "ld15iqr": 0.4057111909987725,
                "hd15iqr": 0.4141486700009409,
                "ops": 2.4542646590466504,
                "total": 2.037270097000146,
                "iterations": 1
            }
        },
        {
            "group": null,
            "name": "test_maf_score_bench",
            "fullname": "tests/test_ckksplan.py::test_maf_score_bench",
            "params": null,
            "param": null,
            "extra_info": {},
            "options": {
                "disable_gc": false,
                "timer": "perf_counter",
                "min_rounds": 5,
                "max_time": 1.0,
                "min_time": 5e-06,
                "warmup": false
            },
            "stats": {
                "min": 3.805205990000104,
                "max": 3.832094106999648,
                "mean": 3.82118288519996,
                "stddev": 0.011412528430352271,
                "rounds": 5,
                "median": 3.8224909259988635,
                "iqr": 0.019177287500497187,
                "q1": 3.8123701445001643,
                "q3": 3.8315474320006615,
                "iqr_outliers": 0,
                "stddev_outliers": 1,
                "outliers": "1;0",
                "ld15iqr": 3.805205990000104,
                "hd15iqr": 3.832094106999648,
                "ops": 0.26169906807474635,
                "total": 19.1059144259998,
                "iterations": 1
            }
        }
    ],
    "datetime": "2023-01-20T06:13:03.124591",
    "version": "4.0.0"
}